,small_col,small_row,big_col,big_row
0,44,35,53,47
1,54,35,143,44
2,976,35,1619,44
3,38,40,43,57
4,144,37,192,44
5,64,40,209,104
6,217,40,1343,104
7,1620,37,1623,54
8,33,45,37,63
9,210,43,216,46
10,1614,45,1619,49
11,1624,41,1627,59
12,26,50,34,1353
13,44,48,46,52
14,210,49,216,89
15,1344,49,1345,96
16,1346,49,1588,70
17,1629,46,1637,1356
18,1589,54,1595,89
19,40,57,85,735
20,1596,63,1605,98
21,1358,75,1360,84
22,1361,75,1530,78
23,1578,71,1588,79
24,1606,73,1623,1330
25,1584,80,1588,84
26,1594,90,1595,94
27,210,94,216,101
28,1387,100,1414,1128
29,1415,99,1416,104
30,1417,99,1454,102
31,1467,97,1586,217
32,86,105,91,109
33,143,105,194,106
34,222,105,238,106
35,245,105,270,117
36,603,105,735,106
37,150,107,168,197
38,169,107,183,116
39,184,107,186,112
40,233,107,239,113
41,609,107,630,223
42,631,107,640,129
43,641,107,729,123
44,1420,109,1466,110
45,1587,109,1592,117
46,189,115,231,183
47,1415,115,1416,122
48,172,117,176,122
49,249,118,269,209
50,1417,117,1454,120
51,170,121,171,128
52,244,121,246,129
53,329,124,346,242
54,348,123,354,175
55,355,123,358,146
56,359,123,365,140
57,366,123,387,135
58,388,123,449,131
59,432,125,450,241
60,470,125,490,241
61,491,123,497,174
62,498,123,512,151
63,513,123,532,144
64,533,123,588,133
65,648,124,654,131
66,655,124,660,128
67,661,124,729,125
68,749,124,773,269
69,774,123,777,175
70,778,123,783,162
71,784,123,788,142
72,789,123,869,138
73,889,124,909,359
74,910,123,928,159
75,929,123,939,152
76,940,123,971,146
77,972,123,1009,139
78,1046,123,1069,318
79,1070,123,1075,157
80,1076,123,1099,143
81,1100,123,1165,139
82,1193,123,1215,243
83,1216,123,1221,167
84,1222,123,1229,153
85,1230,123,1234,146
86,1235,123,1249,141
87,1250,123,1313,137
88,1465,124,1466,130
89,1587,124,1592,131
90,183,127,188,172
91,232,127,236,173
92,639,130,642,139
93,643,127,647,135
94,704,126,729,136
95,178,132,182,161
96,237,132,241,163
97,375,135,395,144
98,397,132,405,141
99,414,132,431,137
100,545,134,589,146
101,1415,132,1416,140
102,1417,135,1454,138
103,175,137,177,151
104,363,139,374,154
105,408,140,411,146
106,419,138,431,142
107,533,139,535,145
108,536,140,544,145
109,635,137,638,144
110,710,137,729,185
111,792,139,800,150
112,801,139,810,146
113,811,139,829,142
114,839,139,869,141
115,980,140,1009,145
116,1122,140,1165,142
117,1274,138,1313,144
118,1587,139,1592,146
119,169,141,170,199
120,359,144,362,163
121,375,145,376,150
122,377,145,383,147
123,412,144,415,148
124,424,143,431,149
125,651,143,695,208
126,789,141,791,154
127,830,141,832,148
128,833,144,837,153
129,845,142,869,148
130,972,145,976,155
131,1131,143,1165,145
132,1277,145,1313,148
133,1420,144,1466,146
134,430,150,431,166
135,554,147,562,154
136,563,147,589,151
137,645,149,650,203
138,784,146,788,157
139,839,147,841,159
140,847,149,869,170
141,962,147,971,150
142,977,149,1009,158
143,1139,146,1165,151
144,1283,149,1313,151
145,1415,150,1416,158
146,355,154,358,168
147,363,155,366,158
148,560,155,564,160
149,567,152,589,174
150,696,153,702,196
151,814,155,821,159
152,843,151,846,163
153,947,155,951,160
154,1100,155,1114,158
155,1144,152,1165,155
156,1290,152,1313,157
157,1417,152,1454,156
158,1587,153,1592,161
159,379,159,381,164
160,384,158,393,161
161,394,159,395,162
162,396,160,402,163
163,499,156,501,163
164,513,160,530,225
165,540,157,542,163
166,565,156,566,168
167,638,157,644,192
168,913,160,915,164
169,943,156,946,162
170,956,160,963,214
171,984,159,1009,162
172,1074,159,1075,162
173,1088,158,1090,170
174,1094,157,1096,162
175,1104,159,1122,165
176,1123,160,1130,209
177,1149,156,1165,160
178,1245,160,1246,166
179,1268,160,1271,164
180,1294,158,1313,168
181,1464,160,1466,166
182,363,164,379,209
183,543,162,546,167
184,634,165,637,186
185,925,163,927,167
186,990,163,1009,243
187,1070,163,1071,177
188,1135,165,1136,168
189,1154,161,1165,243
190,1243,164,1265,213
191,1278,164,1280,165
192,174,170,176,176
193,244,167,246,176
194,380,169,401,211
195,505,169,512,172
196,703,168,705,192
197,794,168,828,213
198,930,170,955,214
199,1081,167,1122,210
200,1131,170,1137,198
201,1138,167,1143,174
202,1144,170,1145,174
203,1284,168,1285,177
204,1299,169,1313,243
205,1415,170,1454,173
206,1587,168,1592,176
207,359,172,362,204
208,505,174,512,176
209,531,171,548,230
210,555,171,560,175
211,565,172,566,182
212,572,175,577,468
213,578,175,581,318
214,582,175,589,243
215,787,175,793,224
216,829,175,835,211
217,855,171,869,202
218,1232,175,1242,218
219,1266,174,1273,210
220,402,180,408,210
221,508,177,512,212
222,549,180,557,226
223,558,176,561,182
224,783,180,786,208
225,964,176,972,211
226,973,180,978,205
227,1289,180,1290,184
228,1420,180,1466,181
229,171,184,175,199
230,200,184,217,190
231,218,184,221,187
232,240,183,243,193
233,409,182,411,201
234,569,182,570,185
235,836,182,841,204
236,918,185,929,205
237,979,183,981,199
238,1138,183,1142,192
239,1228,183,1231,214
240,1274,182,1278,203
241,1587,182,1592,190
242,183,188,186,198
243,234,190,237,197
244,244,187,248,204
245,412,186,417,197
246,418,188,422,194
247,505,187,507,207
248,558,187,561,206
249,710,189,729,192
250,1143,187,1146,190
251,1225,190,1227,210
252,1279,186,1280,199
253,1415,188,1454,191
254,198,195,214,197
255,228,193,233,201
256,347,192,350,197
257,499,192,504,199
258,711,193,729,224
259,915,193,917,202
260,1220,195,1224,202
261,1285,194,1287,197
262,1465,195,1466,201
263,187,197,190,202
264,220,199,223,205
265,224,196,227,203
266,270,198,280,235
267,631,199,636,224
268,1421,197,1464,200
269,193,201,197,205
270,198,202,208,206
271,209,203,212,208
272,215,202,219,206
273,709,201,710,224
274,856,203,869,268
275,254,210,269,214
276,281,208,293,347
277,372,210,379,211
278,637,206,641,224
279,663,209,678,211
280,680,209,686,212
281,703,208,708,228
282,925,206,929,219
283,1129,210,1137,218
284,1271,210,1282,219
285,259,215,269,219
286,413,214,416,218
287,429,212,431,219
288,642,212,645,217
289,697,214,702,233
290,774,214,777,269
291,785,215,786,221
292,794,214,796,227
293,831,215,835,224
294,967,213,971,227
295,972,211,975,218
296,1093,211,1114,215
297,1123,213,1126,224
298,1138,212,1140,216
299,1243,214,1246,215
300,1269,213,1270,221
301,1283,212,1285,216
302,110,219,126,339
303,127,219,133,259
304,134,219,138,249
305,139,219,171,242
306,172,219,230,240
307,264,220,269,224
308,364,219,369,225
309,370,220,373,233
310,425,220,427,225
311,491,216,497,242
312,642,220,645,224
313,653,219,656,223
314,657,220,661,225
315,674,220,698,468
316,797,219,803,228
317,821,219,830,226
318,910,220,928,361
319,930,220,966,228
320,1097,216,1113,229
321,1114,219,1122,228
322,1148,219,1153,243
323,1265,218,1268,222
324,347,223,351,243
325,374,223,376,233
326,498,223,501,243
327,556,225,571,317
328,662,221,668,227
329,669,222,671,227
330,804,221,806,228
331,807,224,819,229
332,847,223,855,268
333,981,224,989,243
334,1070,225,1083,320
335,1092,222,1096,226
336,1142,225,1147,243
337,1235,225,1253,227
338,1252,223,1257,225
339,1284,224,1298,243
340,352,228,356,243
341,377,226,402,233
342,403,228,408,231
343,409,229,412,231
344,428,226,431,243
345,502,230,506,238
346,522,226,529,231
347,778,226,786,269
348,844,229,846,234
349,938,229,966,231
350,978,227,980,243
351,1139,229,1141,241
352,1219,228,1221,233
353,1236,228,1245,230
354,1278,228,1283,237
355,357,235,367,243
356,424,233,427,243
357,507,235,511,242
358,840,233,843,235
359,944,232,950,242
360,969,234,977,243
361,1084,234,1085,239
362,1128,233,1134,243
363,1135,231,1138,239
364,1223,232,1225,237
365,1264,235,1269,241
366,1270,233,1276,239
367,276,236,280,342
368,365,239,404,318
369,405,240,406,247
370,410,239,423,243
371,794,239,798,241
372,799,240,801,243
373,822,239,846,268
374,951,238,955,246
375,1087,238,1090,241
376,1092,240,1095,243
377,1117,240,1123,244
378,1125,236,1127,242
379,1219,238,1257,318
380,1258,236,1263,243
381,1467,237,1487,356
382,1488,237,1504,271
383,1505,237,1514,264
384,1515,237,1524,258
385,1525,237,1586,253
386,142,243,147,248
387,148,243,154,245
388,205,241,229,247
389,544,245,555,317
390,705,244,730,408
391,731,244,748,269
392,787,242,794,269
393,803,241,810,245
394,815,245,821,269
395,948,243,950,245
396,956,242,968,246
397,1096,242,1116,245
398,1415,242,1416,250
399,1417,244,1454,248
400,210,248,229,262
401,795,247,814,269
402,155,255,168,256
403,183,253,190,261
404,1420,254,1466,256
405,1538,254,1586,257
406,149,258,151,261
407,1415,260,1416,268
408,1548,258,1586,261
409,101,262,109,335
410,212,263,231,339
411,1417,262,1454,265
412,1554,262,1588,266
413,1589,263,1592,271
414,127,268,130,271
415,154,268,185,308
416,186,270,192,298
417,1118,267,1120,275
418,1464,270,1466,276
419,1525,269,1539,326
420,1559,267,1588,270
421,143,273,153,299
422,405,275,471,318
423,939,274,1045,317
424,1123,273,1126,281
425,1515,275,1518,276
426,1540,274,1542,283
427,1564,271,1586,276
428,139,278,142,297
429,193,277,196,295
430,234,278,268,392
431,301,279,364,318
432,497,279,543,317
433,582,278,668,319
434,738,279,888,317
435,1085,277,1092,469
436,1093,279,1111,398
437,1150,279,1218,318
438,1258,278,1347,318
439,1415,278,1416,285
440,1417,280,1454,283
441,1505,278,1508,282
442,1569,277,1587,292
443,1588,278,1592,286
444,135,285,138,291
445,1139,281,1142,339
446,1500,282,1502,285
447,1509,285,1524,328
448,1420,290,1466,291
449,1540,288,1548,341
450,1501,293,1508,322
451,1549,294,1552,337
452,1573,293,1586,356
453,1587,293,1592,301
454,149,300,153,303
455,1415,298,1454,301
456,1464,305,1466,312
457,1494,303,1497,310
458,1498,304,1500,319
459,1553,302,1556,316
460,1557,305,1561,311
461,129,306,130,314
462,210,309,211,316
463,1421,307,1463,310
464,1587,308,1592,315
465,134,314,136,339
466,180,315,189,320
467,190,312,193,318
468,194,313,195,315
469,1415,313,1416,321
470,1417,315,1454,319
471,137,320,141,330
472,150,317,155,320
473,205,317,206,322
474,209,318,211,339
475,429,319,467,385
476,570,318,571,466
477,588,320,594,468
478,605,320,613,321
479,623,320,630,468
480,641,320,648,468
481,659,320,665,467
482,1054,319,1058,340
483,1284,319,1326,322
484,1488,319,1491,357
485,127,321,131,339
486,142,324,148,332
487,200,323,202,333
488,294,321,300,357
489,606,322,612,468
490,739,323,742,362
491,929,321,980,361
492,1073,321,1084,369
493,1287,323,1325,398
494,1420,325,1466,327
495,1553,324,1556,331
496,1587,322,1592,330
497,149,326,160,340
498,161,329,182,339
499,183,330,191,337
500,194,326,199,333
501,203,327,208,339
502,474,326,501,330
503,502,329,506,379
504,560,329,563,378
505,874,329,877,339
506,1064,327,1066,340
507,1117,327,1120,351
508,1331,329,1335,353
509,1505,330,1507,335
510,200,335,202,339
511,301,331,310,367
512,865,332,869,368
513,981,331,991,400
514,1126,334,1130,337
515,1415,331,1416,339
516,1417,333,1454,336
517,1508,332,1520,339
518,1534,334,1539,341
519,1565,331,1566,336
520,1568,334,1572,357
521,192,338,199,340
522,229,340,233,345
523,1048,336,1053,340
524,1464,340,1466,347
525,1492,337,1496,357
526,1512,340,1533,342
527,1560,337,1561,341
528,1587,337,1592,345
529,311,341,320,377
530,1002,341,1005,354
531,1421,342,1463,345
532,1497,344,1500,349
533,1550,344,1554,353
534,1555,341,1558,350
535,1563,342,1567,357
536,289,348,293,352
537,321,350,330,387
538,399,350,407,468
539,408,347,428,386
540,468,347,496,388
541,1122,348,1125,354
542,1504,349,1505,359
543,1559,347,1562,357
544,86,353,91,650
545,269,352,286,516
546,1006,351,1010,355
547,1011,352,1025,355
548,1126,351,1195,355
549,1497,353,1500,357
550,1506,353,1519,358
551,1520,354,1544,359
552,1545,351,1547,357
553,1554,355,1558,357
554,299,358,300,362
555,331,360,340,397
556,513,359,552,362
557,891,360,909,361
558,992,360,1046,400
559,1060,360,1065,362
560,1112,357,1178,398
561,1259,360,1265,469
562,1266,360,1286,398
563,1330,360,1336,470
564,1337,360,1353,398
565,1365,357,1374,361
566,155,363,187,437
567,939,362,980,366
568,1061,363,1065,420
569,309,368,310,372
570,341,370,350,408
571,514,367,552,371
572,870,367,931,371
573,944,367,980,371
574,1079,370,1084,374
575,1179,366,1180,469
576,950,372,980,377
577,1203,374,1212,377
578,1227,374,1231,379
579,1232,374,1237,377
580,1360,373,1376,375
581,319,378,320,382
582,519,376,522,396
583,544,377,547,396
584,731,376,740,412
585,924,377,926,383
586,951,378,958,471
587,959,378,980,400
588,1211,378,1215,400
589,1225,376,1226,401
590,1373,376,1377,419
591,1415,376,1416,384
592,1417,378,1454,381
593,1467,376,1490,497
594,1491,376,1499,414
595,1500,376,1523,406
596,1524,376,1586,400
597,351,381,361,417
598,741,385,914,412
599,928,381,931,388
600,1052,383,1055,399
601,1076,383,1080,399
602,1359,382,1362,401
603,329,388,330,392
604,418,387,425,468
605,436,386,443,468
606,454,386,460,467
607,471,389,478,468
608,489,389,496,467
609,915,390,917,504
610,934,386,940,470
611,1420,388,1466,390
612,1587,388,1592,396
613,239,393,268,397
614,362,391,370,427
615,507,391,514,468
616,552,391,559,468
617,923,393,927,415
618,1415,394,1416,402
619,244,398,268,403
620,339,398,340,402
621,1103,399,1109,471
622,1120,399,1127,469
623,1138,399,1145,471
624,1155,399,1163,402
625,1173,399,1178,471
626,1274,399,1286,400
627,1294,399,1301,470
628,1309,399,1321,400
629,1347,399,1354,471
630,1417,396,1454,400
631,248,404,268,513
632,371,401,379,437
633,969,401,976,470
634,987,401,993,471
635,1005,401,1012,469
636,1023,401,1029,471
637,1040,401,1047,469
638,1156,403,1162,471
639,1276,401,1283,471
640,1312,401,1319,471
641,1464,404,1466,411
642,1560,401,1587,407
643,1588,403,1592,411
644,349,409,350,412
645,380,407,394,528
646,713,409,730,412
647,1504,407,1506,411
648,1563,408,1587,415
649,110,413,128,529
650,129,411,148,446
651,149,411,154,439
652,188,411,230,433
653,889,413,914,417
654,1066,415,1074,420
655,1366,415,1372,420
656,1415,412,1416,420
657,1417,415,1454,418
658,287,420,337,427
659,359,418,361,422
660,699,416,885,468
661,892,418,914,502
662,1491,419,1495,426
663,1543,419,1547,471
664,1570,416,1588,425
665,1589,418,1592,426
666,1420,425,1466,426
667,1548,421,1550,427
668,369,428,370,432
669,1415,430,1416,438
670,1515,430,1542,467
671,1565,429,1567,437
672,1573,426,1586,497
673,193,434,230,436
674,1417,432,1454,436
675,1568,432,1572,440
676,1587,433,1592,441
677,198,437,230,443
678,287,438,337,445
679,345,438,372,733
680,1464,439,1466,446
681,1509,439,1514,462
682,1548,437,1552,466
683,203,444,230,445
684,1421,441,1463,445
685,1570,445,1572,457
686,155,450,157,453
687,210,446,230,457
688,1415,450,1454,453
689,1504,447,1508,458
690,1553,446,1556,462
691,1587,448,1592,455
692,190,455,191,457
693,1500,451,1503,457
694,129,458,131,460
695,151,459,174,518
696,210,460,229,473
697,287,456,337,463
698,1420,460,1466,461
699,147,465,150,506
700,175,464,187,505
701,1587,462,1591,470
702,144,469,146,500
703,188,468,194,498
704,1006,470,1011,471
705,1041,470,1046,471
706,1086,470,1091,471
707,1121,470,1126,471
708,1415,466,1416,473
709,1417,468,1454,471
710,1529,468,1542,471
711,139,473,143,489
712,195,472,197,496
713,207,474,230,685
714,287,473,337,480
715,400,475,891,502
716,1383,471,1386,510
717,1464,475,1466,482
718,1512,474,1519,485
719,1531,472,1538,488
720,1539,472,1541,475
721,1562,473,1572,498
722,135,480,138,484
723,198,479,200,498
724,918,476,1382,504
725,1420,477,1463,480
726,1491,476,1496,496
727,1510,476,1511,481
728,1520,476,1522,487
729,1523,479,1530,486
730,1544,478,1550,486
731,129,485,130,499
732,1415,484,1416,491
733,1417,485,1431,489
734,1445,485,1447,489
735,1497,484,1502,492
736,1539,481,1543,489
737,1558,482,1561,498
738,1504,487,1506,501
739,1553,488,1557,501
740,287,491,338,498
741,1507,492,1511,503
742,1512,495,1529,505
743,1533,495,1549,505
744,1550,491,1552,502
745,1530,497,1532,506
746,395,504,403,560
747,129,507,131,531
748,149,510,150,518
749,175,509,185,515
750,186,508,190,511
751,197,507,206,595
752,287,509,338,516
753,251,514,268,515
754,404,514,405,747
755,441,514,448,749
756,449,514,471,524
757,510,513,514,533
758,519,512,522,532
759,527,513,530,529
760,535,513,539,526
761,912,512,915,520
762,920,514,924,518
763,929,513,932,546
764,937,514,940,535
765,945,514,949,536
766,1142,512,1145,535
767,1168,511,1171,536
768,1219,511,1222,545
769,1227,512,1230,520
770,1344,512,1347,531
771,1353,512,1356,529
772,406,519,415,559
773,1467,517,1487,636
774,1488,517,1493,563
775,1494,517,1500,551
776,1501,517,1515,547
777,1516,517,1586,538
778,132,521,136,531
779,464,525,472,769
780,1095,521,1099,535
781,1122,523,1125,535
782,1202,523,1205,544
783,1415,522,1416,530
784,1417,524,1454,528
785,111,530,128,531
786,153,530,178,535
787,179,527,182,533
788,183,526,186,530
789,195,529,196,532
790,264,527,336,533
791,383,529,389,743
792,390,529,394,561
793,413,529,421,749
794,1364,528,1379,532
795,156,535,188,593
796,1420,534,1466,536
797,247,539,250,550
798,1365,539,1380,540
799,1415,540,1416,547
800,1555,539,1586,544
801,154,543,155,591
802,1417,542,1454,545
803,1559,545,1564,557
804,1565,545,1592,549
805,251,547,268,550
806,1464,549,1466,556
807,1570,550,1586,559
808,1587,550,1592,551
809,248,555,250,567
810,251,555,268,559
811,1529,554,1549,625
812,189,559,196,593
813,231,559,238,685
814,505,559,615,563
815,616,560,1357,563
816,1415,558,1416,565
817,1417,560,1454,563
818,1573,560,1587,600
819,1588,558,1592,565
820,398,561,403,753
821,1335,564,1343,621
822,1344,564,1359,569
823,1502,564,1521,616
824,847,570,854,573
825,925,569,1074,570
826,1352,570,1359,1067
827,1420,570,1466,571
828,1522,568,1528,610
829,1550,569,1555,618
830,263,572,337,579
831,1415,575,1416,582
832,1494,575,1501,598
833,1588,572,1591,580
834,473,578,1322,581
835,1417,578,1454,581
836,1556,580,1561,612
837,1464,585,1466,592
838,239,588,241,598
839,242,590,337,596
840,479,587,1254,590
841,1421,586,1463,590
842,1588,587,1591,595
843,473,595,1322,598
844,1415,593,1416,600
845,1417,595,1454,598
846,1499,599,1501,601
847,592,605,630,608
848,642,604,663,607
849,707,605,1062,608
850,1072,605,1123,608
851,1128,605,1143,609
852,1149,605,1155,609
853,1160,605,1163,609
854,1420,605,1466,607
855,1576,601,1586,636
856,1587,602,1591,610
857,92,610,98,642
858,239,607,243,616
859,244,608,336,614
860,1464,608,1466,610
861,1500,608,1501,612
862,1573,607,1575,636
863,99,612,105,637
864,106,612,119,631
865,120,612,186,627
866,485,614,1334,617
867,1415,612,1416,618
868,1417,613,1454,617
869,1464,620,1466,627
870,1488,618,1490,636
871,1513,617,1520,623
872,1525,618,1528,623
873,1570,616,1572,637
874,1587,617,1591,625
875,239,624,336,633
876,648,624,1052,627
877,1336,622,1343,1055
878,1421,622,1463,625
879,1491,621,1497,636
880,1498,624,1501,631
881,145,628,187,638
882,538,627,541,636
883,1320,630,1323,636
884,1324,626,1325,632
885,1415,629,1416,636
886,1502,628,1506,640
887,1555,628,1556,633
888,1565,626,1569,637
889,542,633,1052,636
890,1065,633,1319,635
891,1498,635,1501,638
892,1507,632,1518,639
893,1519,634,1527,641
894,1528,635,1548,642
895,1549,631,1552,639
896,1560,634,1564,637
897,149,639,187,643
898,114,645,149,720
899,153,644,187,646
900,239,642,337,651
901,486,645,631,649
902,672,645,783,649
903,161,647,187,651
904,101,654,113,710
905,150,654,157,715
906,170,652,187,660
907,499,654,1323,657
908,239,660,337,669
909,1415,656,1416,664
910,1417,658,1454,662
911,1467,656,1488,776
912,1489,656,1494,702
913,1495,656,1500,693
914,1501,656,1586,683
915,96,662,100,708
916,158,664,161,708
917,170,665,187,676
918,473,663,475,668
919,476,664,1323,667
920,1464,665,1466,672
921,93,667,95,695
922,162,667,166,684
923,1421,667,1463,670
924,1587,668,1592,676
925,90,675,92,687
926,1415,674,1416,681
927,170,677,187,732
928,239,677,242,685
929,243,679,337,686
930,473,679,1207,683
931,1208,680,1324,683
932,1421,685,1466,688
933,1548,684,1592,687
934,718,689,839,692
935,1464,689,1466,690
936,1518,690,1523,695
937,1554,688,1591,691
938,1415,694,1454,697
939,1510,695,1514,699
940,1515,691,1517,697
941,1524,691,1525,695
942,1528,691,1530,696
943,1535,692,1536,697
944,1516,694,1545,748
945,1564,692,1586,697
946,163,699,169,731
947,482,698,1335,701
948,1569,698,1587,743
949,1588,697,1592,705
950,94,701,95,732
951,260,705,344,733
952,1420,704,1466,705
953,1503,701,1506,708
954,1512,703,1515,749
955,1415,709,1416,717
956,1509,710,1511,740
957,86,714,91,732
958,96,712,101,732
959,482,714,643,718
960,644,715,1319,718
961,1417,712,1454,715
962,1546,715,1551,742
963,1588,712,1592,720
964,102,720,107,727
965,159,716,162,725
966,1421,720,1466,724
967,1503,719,1508,738
968,1552,719,1555,731
969,108,724,111,730
970,155,722,158,728
971,482,723,859,726
972,1500,723,1502,734
973,1556,725,1560,726
974,112,727,115,732
975,116,730,120,734
976,140,730,150,734
977,1415,727,1416,735
978,1417,729,1454,733
979,1588,727,1592,735
980,122,732,136,736
981,260,734,286,1286
982,287,734,291,739
983,379,735,382,745
984,473,733,911,737
985,912,734,1324,737
986,40,736,57,1315
987,345,740,351,983
988,352,739,378,747
989,439,739,440,749
990,1420,739,1466,740
991,393,744,397,758
992,422,741,438,749
993,487,742,491,749
994,492,742,570,745
995,598,742,651,745
996,675,742,727,745
997,751,742,805,745
998,828,742,881,745
999,905,742,957,745
1000,981,742,1034,745
1001,1083,743,1091,747
1002,1135,745,1147,746
1003,1169,743,1317,747
1004,1415,745,1416,752
1005,1565,743,1567,748
1006,1571,744,1586,776
1007,1588,742,1592,749
1008,299,749,302,858
1009,389,749,392,762
1010,1417,747,1454,750
1011,1489,750,1490,776
1012,1518,749,1523,751
1013,1532,749,1537,751
1014,1568,750,1570,776
1015,69,754,196,761
1016,384,754,387,767
1017,497,752,1335,755
1018,1465,754,1466,760
1019,1543,755,1551,756
1020,219,757,259,760
1021,379,759,382,772
1022,404,760,463,769
1023,1499,760,1500,763
1024,1520,759,1538,762
1025,1564,758,1567,776
1026,75,762,196,872
1027,197,765,220,769
1028,372,764,378,871
1029,396,764,405,856
1030,1415,763,1416,770
1031,1417,765,1454,768
1032,1491,761,1495,776
1033,1504,765,1505,769
1034,1522,763,1528,766
1035,69,769,74,776
1036,406,770,412,771
1037,487,770,490,776
1038,1496,770,1500,776
1039,1508,770,1511,773
1040,1550,769,1552,773
1041,1560,767,1563,776
1042,219,774,259,778
1043,491,773,530,776
1044,1512,772,1515,776
1045,1516,774,1520,777
1046,1540,774,1543,778
1047,1545,772,1547,776
1048,455,776,460,788
1049,529,777,533,788
1050,69,783,74,790
1051,197,783,253,786
1052,219,792,259,795
1053,422,794,439,798
1054,766,794,791,802
1055,837,794,864,802
1056,912,794,939,802
1057,1334,793,1335,807
1058,1467,795,1487,916
1059,1488,795,1585,811
1060,69,798,74,807
1061,449,796,765,802
1062,792,796,836,802
1063,865,796,911,802
1064,940,796,1333,802
1065,197,802,253,805
1066,410,801,415,809
1067,1048,803,1051,838
1068,1082,803,1085,965
1069,1086,803,1333,805
1070,1415,802,1416,810
1071,1417,804,1454,808
1072,411,810,439,811
1073,547,808,554,812
1074,730,810,778,811
1075,805,809,851,812
1076,878,809,924,812
1077,953,809,999,812
1078,1064,809,1067,975
1079,1326,806,1330,990
1080,69,813,74,821
1081,1308,815,1311,974
1082,1318,811,1321,964
1083,1420,814,1466,815
1084,1488,812,1492,852
1085,1493,812,1499,843
1086,1500,812,1504,836
1087,1505,812,1510,831
1088,1511,812,1516,825
1089,1517,815,1586,823
1090,197,820,254,823
1091,310,817,325,820
1092,406,817,762,822
1093,763,817,1041,820
1094,1415,820,1416,827
1095,751,823,759,1040
1096,1073,823,1076,965
1097,1093,823,1307,831
1098,1367,822,1380,825
1099,1417,822,1454,825
1100,1547,824,1592,825
1101,69,828,74,836
1102,219,828,259,832
1103,530,828,532,834
1104,811,827,1014,830
1105,1464,829,1466,836
1106,1513,829,1537,889
1107,1558,826,1588,834
1108,1589,826,1592,831
1109,310,835,328,838
1110,439,832,442,842
1111,766,835,770,1009
1112,771,835,1047,838
1113,1099,832,1102,837
1114,1113,832,1116,837
1115,1128,832,1131,836
1116,1143,832,1146,837
1117,1157,832,1160,836
1118,1172,832,1175,836
1119,1187,832,1190,836
1120,1202,832,1205,835
1121,1217,832,1220,836
1122,1231,832,1235,835
1123,1275,832,1279,835
1124,1290,832,1293,835
1125,1538,831,1541,837
1126,1542,832,1546,840
1127,1563,835,1586,840
1128,197,837,253,841
1129,810,839,817,841
1130,825,839,829,919
1131,830,839,831,840
1132,869,839,876,841
1133,895,839,899,921
1134,900,839,901,841
1135,902,839,1028,840
1136,1415,837,1416,845
1137,1417,840,1454,843
1138,1504,840,1512,888
1139,1587,838,1591,846
1140,69,843,74,851
1141,310,843,327,847
1142,388,843,391,861
1143,785,844,795,1024
1144,811,842,815,1007
1145,834,845,837,863
1146,838,844,864,847
1147,863,845,866,1004
1148,1017,841,1020,1000
1149,1086,844,1299,847
1150,1538,843,1545,885
1151,1570,841,1586,847
1152,219,846,259,850
1153,356,846,360,881
1154,406,848,750,856
1155,775,849,778,887
1156,803,847,806,1003
1157,917,850,1006,854
1158,1420,850,1466,851
1159,1499,849,1503,883
1160,1572,848,1586,916
1161,197,855,253,859
1162,844,853,847,1024
1163,853,853,856,1024
1164,913,851,916,1024
1165,1099,854,1101,871
1166,1113,854,1116,870
1167,1128,855,1131,870
1168,1143,855,1146,870
1169,1415,855,1416,863
1170,1546,854,1554,897
1171,1587,852,1592,860
1172,69,858,74,865
1173,303,856,306,863
1174,1140,860,1142,865
1175,1155,860,1163,865
1176,1170,860,1177,865
1177,1185,860,1192,865
1178,1200,860,1207,865
1179,1215,860,1222,865
1180,1229,859,1237,866
1181,1244,859,1251,866
1182,1259,859,1266,866
1183,1275,856,1279,869
1184,1280,859,1281,866
1185,1290,856,1293,869
1186,1294,860,1295,865
1187,1417,857,1454,861
1188,1555,860,1558,890
1189,1570,857,1571,863
1190,219,864,259,867
1191,309,861,312,869
1192,379,863,381,873
1193,923,865,1016,876
1194,1464,865,1466,871
1195,1495,863,1498,880
1196,1559,861,1562,875
1197,312,866,315,992
1198,382,867,522,873
1199,522,869,528,984
1200,537,867,543,984
1201,544,867,557,874
1202,567,867,573,984
1203,574,867,587,874
1204,1421,866,1463,870
1205,1587,867,1592,875
1206,519,874,521,877
1207,552,875,558,984
1208,582,875,588,1006
1209,1415,875,1454,878
1210,1563,873,1566,875
1211,361,878,506,881
1212,619,878,684,881
1213,685,879,687,887
1214,900,880,901,887
1215,1086,878,1300,881
1216,1559,879,1560,883
1217,505,882,508,946
1218,687,884,690,1025
1219,923,885,1016,889
1220,1420,885,1466,886
1221,1587,882,1592,890
1222,364,887,378,891
1223,386,887,390,918
1224,391,887,401,891
1225,414,888,417,919
1226,428,887,441,891
1227,454,887,467,891
1228,468,890,470,903
1229,480,888,495,890
1230,1098,888,1102,904
1231,1113,888,1116,903
1232,1128,888,1131,903
1233,1143,888,1146,903
1234,1157,889,1160,902
1235,1172,889,1175,902
1236,1187,889,1190,902
1237,1202,889,1205,902
1238,1217,889,1220,902
1239,1231,889,1235,902
1240,1275,889,1279,902
1241,1290,889,1293,902
1242,69,895,196,903
1243,304,895,307,1003
1244,369,892,373,919
1245,402,891,405,918
1246,440,892,444,920
1247,493,891,497,919
1248,1094,894,1097,898
1249,1103,894,1112,898
1250,1117,894,1127,897
1251,1132,894,1142,897
1252,1147,894,1156,897
1253,1161,894,1171,897
1254,1176,894,1186,897
1255,1191,894,1201,897
1256,1206,894,1216,897
1257,1221,894,1230,897
1258,1236,894,1274,897
1259,1280,892,1281,899
1260,1282,894,1289,897
1261,1294,893,1295,898
1262,1296,894,1307,897
1263,1415,891,1416,898
1264,1417,893,1454,896
1265,1488,895,1493,916
1266,1569,893,1571,916
1267,219,896,259,900
1268,465,900,467,905
1269,924,900,931,905
1270,939,900,946,906
1271,953,899,960,906
1272,969,899,973,907
1273,984,898,987,907
1274,998,898,1002,907
1275,1464,900,1466,907
1276,1494,900,1497,917
1277,1509,897,1539,903
1278,1540,898,1541,903
1279,1562,900,1568,916
1280,1587,897,1591,905
1281,74,904,198,905
1282,199,905,253,908
1283,391,902,401,905
1284,428,902,439,905
1285,453,902,456,920
1286,457,902,464,905
1287,481,902,492,905
1288,775,905,778,943
1289,974,901,983,905
1290,1421,902,1463,905
1291,1498,904,1501,915
1292,1512,904,1537,905
1293,1554,905,1557,910
1294,1558,903,1561,908
1295,69,910,121,918
1296,122,906,196,915
1297,1415,909,1416,916
1298,1503,908,1506,918
1299,1543,910,1547,918
1300,1549,908,1552,914
1301,219,914,259,917
1302,1015,915,1016,921
1303,1507,912,1512,921
1304,1513,915,1517,922
1305,1534,914,1542,920
1306,1560,913,1561,916
1307,74,919,106,920
1308,159,916,196,922
1309,429,916,439,920
1310,457,916,468,920
1311,481,916,492,920
1312,923,917,1014,920
1313,1518,918,1533,922
1314,69,925,95,932
1315,96,921,104,926
1316,164,923,169,927
1317,174,923,197,930
1318,198,923,253,926
1319,1099,922,1102,937
1320,1113,922,1116,937
1321,1128,922,1131,937
1322,1143,922,1146,937
1323,1157,923,1160,936
1324,1172,923,1175,936
1325,1187,923,1190,936
1326,1202,923,1205,936
1327,1217,923,1220,936
1328,1231,923,1235,935
1329,1275,925,1280,934
1330,1290,923,1293,936
1331,168,928,170,931
1332,364,928,369,933
1333,370,926,412,931
1334,424,926,429,934
1335,609,929,611,935
1336,612,928,642,932
1337,825,928,828,1004
1338,1095,928,1098,931
1339,1103,928,1112,931
1340,1117,928,1127,931
1341,1132,928,1142,931
1342,1147,928,1156,931
1343,1161,928,1171,931
1344,1176,928,1186,931
1345,1191,928,1201,931
1346,1206,928,1216,931
1347,1221,928,1230,931
1348,1236,928,1274,931
1349,1281,928,1289,931
1350,1294,927,1295,932
1351,1296,928,1307,931
1352,75,933,92,1011
1353,177,931,196,1011
1354,219,932,259,935
1355,392,932,396,940
1356,605,934,608,1013
1357,923,933,1016,936
1358,69,940,74,947
1359,118,940,146,993
1360,390,938,391,949
1361,409,939,411,942
1362,675,939,678,1012
1363,727,939,733,1072
1364,734,939,744,946
1365,1415,938,1454,941
1366,1467,936,1488,1056
1367,1489,936,1496,993
1368,1497,936,1507,981
1369,1508,936,1515,971
1370,1516,936,1586,962
1371,111,944,117,980
1372,147,945,161,982
1373,404,943,406,950
1374,423,942,425,949
1375,740,941,746,1072
1376,1086,944,1096,948
1377,1097,945,1300,948
1378,1465,945,1466,951
1379,108,949,110,976
1380,219,950,259,953
1381,385,948,386,957
1382,400,949,401,959
1383,420,950,422,959
1384,917,949,1009,952
1385,1421,947,1464,950
1386,1587,948,1592,955
1387,69,954,74,962
1388,93,954,95,955
1389,105,953,107,972
1390,162,955,166,971
1391,969,953,973,955
1392,984,953,987,955
1393,998,953,1002,955
1394,1415,953,1416,961
1395,167,959,170,961
1396,197,958,253,961
1397,379,957,381,965
1398,395,957,396,967
1399,410,960,412,968
1400,428,958,430,965
1401,595,957,599,1010
1402,1086,958,1299,961
1403,93,963,95,967
1404,369,964,378,968
1405,425,965,427,966
1406,923,964,1016,968
1407,1420,965,1466,967
1408,1535,963,1592,965
1409,69,968,74,976
1410,100,969,104,973
1411,218,967,259,970
1412,1036,969,1040,1022
1413,1553,966,1592,970
1414,174,975,176,1011
1415,352,975,356,984
1416,1041,971,1063,975
1417,1068,972,1307,975
1418,1415,971,1416,979
1419,1417,973,1454,977
1420,1565,971,1586,981
1421,357,978,510,984
1422,529,977,536,984
1423,559,977,566,984
1424,1015,980,1016,985
1425,1533,977,1539,980
1426,1540,978,1541,983
1427,1542,979,1545,984
1428,1587,977,1592,985
1429,69,983,74,991
1430,93,985,95,1011
1431,109,985,110,990
1432,153,983,158,991
1433,159,983,161,988
1434,218,985,259,988
1435,504,985,513,986
1436,1334,984,1335,992
1437,1420,983,1466,985
1438,1511,983,1539,1046
1439,1546,982,1550,986
1440,1566,982,1586,1056
1441,96,989,103,1011
1442,112,987,117,993
1443,148,986,152,993
1444,170,988,173,999
1445,317,989,321,996
1446,506,987,512,999
1447,1073,986,1325,990
1448,1415,989,1416,997
1449,1501,990,1510,1031
1450,1540,988,1545,1030
1451,128,994,145,996
1452,197,993,235,997
1453,236,994,253,997
1454,322,993,325,997
1455,326,994,370,997
1456,378,993,384,1014
1457,385,993,505,1001
1458,522,992,526,1023
1459,527,992,530,997
1460,895,992,899,1000
1461,927,994,930,1000
1462,939,995,945,1000
1463,955,994,958,1000
1464,970,994,972,1000
1465,984,994,987,1000
1466,998,993,1002,1000
1467,1587,992,1592,1000
1468,69,998,74,1006
1469,104,996,105,1012
1470,106,1000,111,1006
1471,164,996,167,1004
1472,308,999,310,1007
1473,369,998,373,1022
1474,543,999,581,1006
1475,917,997,926,1000
1476,931,997,938,1000
1477,946,997,954,1000
1478,959,996,961,1000
1479,962,997,969,1000
1480,973,996,975,1000
1481,976,997,983,1000
1482,988,997,997,1000
1483,1003,997,1009,1000
1484,1421,1000,1466,1004
1485,1499,996,1500,1028
1486,1546,998,1553,1024
1487,1554,1000,1555,1020
1488,112,1002,117,1010
1489,118,1005,122,1011
1490,149,1005,154,1011
1491,155,1004,159,1009
1492,160,1001,162,1007
1493,218,1003,259,1006
1494,311,1004,358,1007
1495,359,1005,361,1013
1496,1041,1004,1074,1008
1497,1075,1005,1328,1008
1498,1489,1004,1490,1005
1499,1556,1002,1560,1006
1500,106,1010,111,1012
1501,123,1006,131,1013
1502,135,1008,148,1011
1503,165,1009,169,1012
1504,170,1008,173,1010
1505,385,1006,386,1014
1506,387,1008,425,1014
1507,1415,1007,1416,1015
1508,1417,1009,1454,1013
1509,1495,1006,1498,1011
1510,1587,1007,1592,1015
1511,424,1015,433,1017
1512,1564,1012,1565,1056
1513,349,1016,352,1050
1514,374,1019,376,1023
1515,377,1020,406,1023
1516,429,1018,436,1022
1517,465,1019,489,1023
1518,487,1020,491,1054
1519,536,1017,540,1079
1520,760,1018,761,1026
1521,762,1020,784,1024
1522,796,1020,843,1024
1523,848,1020,852,1024
1524,857,1020,912,1024
1525,917,1020,1035,1024
1526,1420,1019,1466,1020
1527,1494,1019,1496,1023
1528,405,1024,408,1053
1529,434,1023,441,1027
1530,578,1024,581,1030
1531,582,1024,595,1028
1532,614,1022,617,1027
1533,617,1025,620,1077
1534,668,1023,672,1080
1535,1415,1025,1416,1032
1536,1587,1022,1592,1029
1537,378,1029,381,1083
1538,387,1030,390,1075
1539,438,1028,474,1031
1540,545,1030,548,1075
1541,553,1027,556,1075
1542,575,1027,577,1037
1543,677,1027,680,1073
1544,1417,1027,1454,1030
1545,1546,1029,1550,1033
1546,1560,1028,1563,1030
1547,74,1035,132,1047
1548,133,1031,195,1043
1549,339,1035,341,1053
1550,360,1032,364,1035
1551,504,1034,524,1037
1552,588,1034,592,1076
1553,593,1033,609,1036
1554,1465,1034,1466,1040
1555,1508,1032,1510,1038
1556,1540,1034,1543,1043
1557,1544,1031,1545,1038
1558,69,1038,73,1045
1559,625,1040,628,1051
1560,649,1039,652,1053
1561,760,1037,1327,1040
1562,1489,1036,1491,1056
1563,147,1044,196,1056
1564,197,1045,253,1048
1565,528,1043,531,1078
1566,598,1041,600,1050
1567,1367,1045,1380,1048
1568,1415,1042,1416,1050
1569,1417,1045,1454,1048
1570,1492,1043,1495,1049
1571,1553,1043,1563,1052
1572,76,1048,93,1151
1573,94,1048,96,1077
1574,97,1048,102,1066
1575,103,1048,112,1059
1576,113,1048,119,1056
1577,120,1048,122,1053
1578,130,1048,146,1054
1579,572,1047,576,1065
1580,610,1050,616,1052
1581,629,1048,630,1053
1582,644,1049,648,1053
1583,660,1050,667,1052
1584,1499,1046,1500,1052
1585,1504,1049,1507,1060
1586,1543,1049,1549,1062
1587,1550,1046,1552,1054
1588,69,1054,75,1062
1589,218,1054,259,1057
1590,409,1051,410,1055
1591,411,1052,486,1055
1592,755,1055,786,1059
1593,848,1055,855,1059
1594,1330,1053,1335,1059
1595,1349,1054,1351,1071
1596,1367,1055,1380,1058
1597,1508,1053,1511,1062
1598,1523,1051,1525,1056
1599,1526,1053,1531,1057
1600,1535,1053,1542,1056
1601,1557,1053,1563,1056
1602,159,1057,196,1060
1603,1343,1060,1348,1074
1604,1512,1057,1515,1063
1605,1518,1060,1523,1065
1606,1535,1059,1541,1065
1607,105,1065,106,1070
1608,107,1063,110,1065
1609,123,1065,127,1074
1610,128,1063,134,1070
1611,135,1063,142,1067
1612,164,1061,197,1065
1613,198,1063,253,1066
1614,453,1061,500,1067
1615,503,1065,506,1078
1616,724,1063,726,1072
1617,937,1065,968,1069
1618,986,1065,1342,1074
1619,1367,1064,1380,1067
1620,1524,1061,1534,1066
1621,74,1069,75,1081
1622,119,1068,122,1077
1623,148,1070,156,1072
1624,170,1066,196,1071
1625,499,1068,502,1073
1626,508,1070,511,1083
1627,689,1066,723,1072
1628,747,1066,799,1072
1629,800,1067,920,1072
1630,935,1067,936,1070
1631,969,1067,970,1079
1632,982,1067,985,1083
1633,1377,1068,1382,1070
1634,69,1071,73,1078
1635,120,1075,142,1123
1636,174,1072,196,1088
1637,219,1071,223,1075
1638,224,1072,259,1075
1639,391,1072,395,1076
1640,396,1073,490,1076
1641,513,1075,516,1088
1642,919,1073,927,1079
1643,948,1073,959,1076
1644,958,1074,961,1104
1645,975,1071,983,1217
1646,986,1075,991,1078
1647,1364,1074,1367,1092
1648,1421,1075,1541,1078
1649,110,1080,111,1085
1650,197,1080,241,1084
1651,382,1080,385,1085
1652,490,1077,493,1097
1653,517,1080,521,1092
1654,924,1080,934,1084
1655,1592,1080,1599,1084
1656,74,1085,75,1097
1657,105,1084,109,1085
1658,143,1085,160,1125
1659,386,1081,476,1085
1660,479,1082,482,1087
1661,522,1085,916,1092
1662,929,1085,939,1089
1663,966,1083,970,1087
1664,1019,1083,1021,1093
1665,1421,1085,1491,1088
1666,1597,1081,1601,1261
1667,69,1087,73,1095
1668,111,1089,119,1132
1669,177,1089,196,1151
1670,219,1089,259,1092
1671,481,1087,485,1095
1672,918,1089,921,1102
1673,934,1090,944,1094
1674,1027,1087,1030,1091
1675,1374,1086,1375,1092
1676,161,1093,165,1111
1677,465,1092,468,1097
1678,473,1091,476,1098
1679,914,1093,917,1097
1680,923,1094,926,1107
1681,939,1095,949,1099
1682,1415,1095,1418,1130
1683,100,1100,110,1106
1684,166,1099,170,1103
1685,197,1098,253,1101
1686,928,1099,931,1112
1687,944,1100,953,1104
1688,1000,1100,1386,1129
1689,1419,1100,1575,1127
1690,287,1104,916,1135
1691,933,1104,937,1119
1692,947,1105,953,1222
1693,966,1102,970,1105
1694,219,1107,259,1110
1695,936,1109,942,1228
1696,993,1109,999,1222
1697,900,1112,925,1322
1698,94,1117,96,1121
1699,105,1120,110,1123
1700,120,1124,128,1132
1701,138,1124,142,1125
1702,174,1122,176,1151
1703,218,1125,259,1128
1704,94,1128,96,1151
1705,108,1126,110,1130
1706,129,1127,132,1136
1707,155,1128,159,1133
1708,160,1126,162,1131
1709,1000,1130,1020,1228
1710,1021,1130,1026,1133
1711,1042,1130,1045,1180
1712,1060,1130,1063,1180
1713,1077,1130,1080,1180
1714,1095,1130,1098,1180
1715,1113,1130,1116,1182
1716,1130,1130,1134,1133
1717,1148,1130,1152,1182
1718,1187,1130,1190,1180
1719,1205,1130,1209,1132
1720,1223,1130,1226,1181
1721,1259,1130,1262,1182
1722,1276,1130,1280,1180
1723,1294,1130,1297,1181
1724,1322,1130,1325,1180
1725,1339,1130,1343,1181
1726,1357,1130,1360,1180
1727,1375,1130,1378,1180
1728,1392,1129,1396,1181
1729,1410,1129,1414,1132
1730,1428,1128,1431,1182
1731,1467,1128,1470,1180
1732,1485,1128,1488,1180
1733,1502,1128,1506,1181
1734,1520,1128,1523,1180
1735,1538,1128,1541,1181
1736,1555,1128,1559,1180
1737,1573,1128,1576,1182
1738,104,1132,108,1137
1739,133,1131,136,1135
1740,137,1133,145,1135
1741,169,1133,173,1151
1742,197,1134,253,1137
1743,1069,1134,1072,1226
1744,1104,1134,1107,1216
1745,1122,1135,1125,1225
1746,1139,1134,1143,1242
1747,1196,1135,1200,1259
1748,1205,1135,1209,1143
1749,1214,1134,1218,1228
1750,1232,1135,1235,1220
1751,1250,1135,1253,1224
1752,1267,1134,1271,1235
1753,1285,1135,1288,1246
1754,1330,1135,1334,1319
1755,1348,1134,1351,1238
1756,1384,1134,1387,1221
1757,1402,1135,1405,1230
1758,1419,1134,1423,1255
1759,1493,1134,1497,1244
1760,1529,1134,1532,1235
1761,1547,1135,1550,1246
1762,1564,1134,1568,1322
1763,97,1139,100,1151
1764,109,1136,110,1140
1765,162,1138,168,1152
1766,345,1136,348,1174
1767,354,1138,357,1320
1768,363,1136,366,1175
1769,372,1139,375,1223
1770,380,1136,384,1174
1771,389,1138,393,1221
1772,398,1136,402,1176
1773,408,1138,411,1218
1774,417,1136,420,1174
1775,435,1136,438,1174
1776,443,1138,447,1317
1777,452,1136,455,1174
1778,485,1136,488,1183
1779,494,1138,497,1317
1780,503,1136,506,1184
1781,512,1139,515,1215
1782,530,1139,533,1220
1783,539,1136,542,1184
1784,548,1138,551,1212
1785,556,1136,560,1183
1786,565,1139,569,1227
1787,574,1136,577,1184
1788,583,1138,586,1318
1789,592,1136,595,1183
1790,625,1136,629,1182
1791,634,1138,637,1321
1792,643,1136,646,1183
1793,652,1139,655,1217
1794,670,1139,673,1211
1795,679,1136,682,1183
1796,687,1138,691,1217
1797,696,1136,700,1182
1798,705,1139,708,1218
1799,714,1136,717,1184
1800,723,1138,726,1317
1801,732,1136,735,1183
1802,765,1136,768,1183
1803,774,1138,777,1317
1804,783,1136,786,1184
1805,791,1139,795,1317
1806,801,1136,805,1151
1807,810,1139,813,1317
1808,819,1136,822,1184
1809,828,1138,831,1317
1810,837,1136,840,1183
1811,854,1136,858,1183
1812,863,1138,866,1318
1813,872,1136,875,1183
1814,894,1136,899,1141
1815,119,1144,121,1147
1816,122,1145,127,1148
1817,147,1145,161,1151
1818,219,1142,223,1146
1819,224,1143,259,1146
1820,1130,1144,1134,1180
1821,110,1149,115,1152
1822,116,1150,120,1153
1823,131,1147,146,1151
1824,1205,1152,1209,1180
1825,1410,1152,1414,1167
1826,76,1170,95,1291
1827,96,1170,103,1209
1828,104,1170,117,1199
1829,118,1170,196,1192
1830,801,1170,805,1182
1831,219,1175,239,1179
1832,197,1184,253,1188
1833,148,1193,196,1195
1834,218,1193,259,1197
1835,358,1195,365,1241
1836,366,1195,371,1228
1837,394,1195,407,1220
1838,422,1193,442,1225
1839,498,1195,507,1244
1840,508,1195,511,1234
1841,534,1195,547,1219
1842,570,1194,582,1228
1843,638,1195,642,1235
1844,643,1195,651,1222
1845,674,1195,686,1211
1846,709,1194,722,1222
1847,778,1195,790,1317
1848,814,1195,827,1319
1849,832,1193,862,1316
1850,926,1193,935,1230
1851,943,1195,946,1226
1852,954,1195,959,1218
1853,984,1195,992,1219
1854,1040,1193,1058,1318
1855,1073,1194,1090,1221
1856,1108,1195,1121,1220
1857,1144,1195,1159,1317
1858,1179,1194,1195,1317
1859,1219,1195,1231,1225
1860,1254,1195,1266,1226
1861,1289,1194,1299,1318
1862,1335,1194,1340,1322
1863,1352,1194,1371,1227
1864,1395,1195,1401,1213
1865,1424,1195,1439,1262
1866,1459,1193,1481,1317
1867,1498,1194,1528,1231
1868,1536,1195,1546,1243
1869,1569,1195,1579,1308
1870,159,1196,163,1202
1871,169,1196,196,1200
1872,340,1198,353,1315
1873,376,1196,388,1223
1874,412,1196,421,1219
1875,448,1196,460,1317
1876,480,1198,493,1315
1877,516,1196,529,1224
1878,552,1196,564,1221
1879,587,1196,600,1325
1880,620,1198,633,1314
1881,656,1196,669,1214
1882,692,1196,704,1217
1883,727,1196,740,1317
1884,760,1198,773,1315
1885,796,1196,809,1317
1886,867,1196,880,1325
1887,960,1196,974,1214
1888,1059,1196,1066,1244
1889,1091,1196,1103,1214
1890,1126,1196,1138,1228
1891,1201,1196,1208,1245
1892,1209,1196,1213,1233
1893,1236,1196,1249,1221
1894,1272,1196,1284,1238
1895,1319,1197,1329,1316
1896,1341,1196,1347,1242
1897,1372,1196,1383,1222
1898,1388,1196,1394,1222
1899,1406,1196,1418,1235
1900,1482,1196,1492,1251
1901,1533,1196,1535,1235
1902,1551,1196,1563,1252
1903,127,1205,131,1208
1904,164,1202,165,1207
1905,174,1201,196,1211
1906,197,1203,252,1206
1907,179,1212,195,1291
1908,218,1212,259,1215
1909,683,1212,686,1215
1910,1395,1214,1401,1223
1911,120,1220,157,1260
1912,159,1219,160,1223
1913,175,1218,178,1226
1914,418,1220,421,1222
1915,512,1218,515,1229
1916,548,1216,551,1220
1917,74,1225,75,1237
1918,163,1224,165,1226
1919,559,1222,564,1225
1920,643,1223,646,1227
1921,715,1223,722,1233
1922,1075,1222,1077,1230
1923,1078,1222,1081,1226
1924,1398,1224,1401,1226
1925,69,1227,73,1235
1926,158,1228,165,1255
1927,218,1230,259,1233
1928,398,1230,400,1232
1929,439,1226,442,1231
1930,580,1229,582,1236
1931,663,1230,698,1303
1932,1004,1229,1020,1237
1933,1094,1230,1099,1234
1934,1100,1229,1102,1232
1935,1134,1229,1138,1233
1936,1264,1227,1266,1232
1937,1352,1228,1356,1233
1938,1380,1230,1386,1235
1939,113,1232,119,1256
1940,515,1235,565,1298
1941,699,1233,702,1237
1942,699,1235,708,1297
1943,717,1234,722,1239
1944,1070,1232,1071,1235
1945,1084,1233,1118,1301
1946,1223,1235,1254,1304
1947,1370,1235,1373,1239
1948,1374,1232,1378,1237
1949,1387,1231,1390,1235
1950,1394,1235,1395,1240
1951,1498,1232,1501,1239
1952,104,1239,112,1248
1953,166,1236,171,1243
1954,196,1238,239,1242
1955,240,1239,253,1242
1956,657,1238,662,1295
1957,954,1240,981,1303
1958,1006,1238,1020,1317
1959,1119,1237,1121,1241
1960,1219,1239,1222,1244
1961,1363,1238,1369,1290
1962,1398,1239,1400,1244
1963,1415,1236,1418,1246
1964,69,1244,75,1251
1965,653,1245,656,1289
1966,1215,1244,1218,1247
1967,1255,1242,1258,1290
1968,1259,1243,1260,1247
1969,1360,1241,1362,1247
1970,1370,1245,1397,1304
1971,1404,1244,1405,1250
1972,1503,1245,1537,1306
1973,109,1249,112,1251
1974,166,1248,170,1250
1975,218,1247,259,1251
1976,415,1248,424,1288
1977,509,1248,514,1287
1978,566,1247,573,1288
1979,647,1248,652,1282
1980,709,1247,711,1293
1981,939,1248,953,1289
1982,982,1250,990,1292
1983,1079,1246,1083,1296
1984,1119,1248,1129,1288
1985,1284,1249,1288,1252
1986,1500,1250,1502,1252
1987,358,1254,360,1259
1988,377,1254,403,1281
1989,425,1252,427,1285
1990,498,1255,501,1317
1991,574,1252,576,1281
1992,1065,1255,1068,1259
1993,1069,1254,1070,1256
1994,1130,1254,1131,1285
1995,1214,1254,1222,1291
1996,1267,1252,1274,1275
1997,1398,1251,1403,1299
1998,1538,1253,1544,1295
1999,1559,1253,1563,1321
2000,69,1260,75,1268
2001,109,1258,111,1262
2002,374,1258,376,1277
2003,404,1260,414,1290
2004,428,1259,431,1280
2005,638,1259,640,1316
2006,712,1256,716,1280
2007,934,1260,938,1278
2008,991,1258,996,1273
2009,1073,1256,1078,1278
2010,1209,1260,1213,1270
2011,1259,1256,1266,1296
2012,1357,1258,1362,1287
2013,1404,1260,1407,1280
2014,1545,1259,1548,1293
2015,159,1264,160,1268
2016,173,1264,178,1291
2017,218,1265,259,1268
2018,358,1261,360,1317
2019,370,1265,373,1273
2020,1353,1264,1356,1284
2021,1408,1264,1411,1277
2022,1425,1263,1439,1317
2023,1489,1265,1502,1275
2024,1549,1264,1551,1290
2025,74,1269,75,1270
2026,117,1268,124,1274
2027,125,1269,128,1276
2028,133,1269,144,1280
2029,155,1268,158,1271
2030,645,1268,646,1276
2031,1070,1268,1072,1271
2032,1132,1270,1135,1278
2033,1196,1267,1201,1317
2034,1281,1270,1288,1322
2035,1348,1266,1352,1276
2036,1412,1268,1416,1278
2037,74,1275,75,1287
2038,96,1275,102,1291
2039,129,1271,132,1279
2040,145,1271,147,1279
2041,169,1272,172,1291
2042,196,1274,253,1277
2043,1059,1274,1062,1319
2044,69,1277,73,1284
2045,103,1277,111,1291
2046,164,1278,168,1285
2047,1003,1277,1005,1283
2048,1072,1280,1078,1292
2049,1210,1277,1213,1281
2050,1416,1280,1424,1317
2051,1493,1276,1502,1280
2052,112,1281,116,1287
2053,117,1283,122,1291
2054,159,1282,160,1293
2055,218,1283,259,1286
2056,383,1282,403,1289
2057,642,1285,647,1324
2058,720,1284,722,1317
2059,991,1285,995,1287
2060,1000,1284,1002,1288
2061,1267,1281,1271,1289
2062,1409,1285,1411,1292
2063,1500,1281,1502,1289
2064,123,1286,128,1293
2065,129,1288,132,1294
2066,133,1289,158,1295
2067,386,1290,403,1291
2068,926,1290,933,1318
2069,1001,1290,1005,1317
2070,1063,1287,1067,1319
2071,1128,1289,1130,1293
2072,1202,1289,1207,1319
2073,1278,1289,1280,1320
2074,1354,1290,1355,1294
2075,1404,1288,1408,1296
2076,1482,1290,1486,1320
2077,379,1294,381,1295
2078,418,1294,422,1298
2079,502,1292,508,1317
2080,947,1295,953,1299
2081,995,1295,1000,1325
2082,1068,1295,1072,1322
2083,1119,1294,1124,1300
2084,1125,1293,1126,1298
2085,1137,1292,1143,1317
2086,1219,1292,1222,1298
2087,1255,1293,1257,1300
2088,1358,1293,1366,1300
2089,1414,1294,1415,1318
2090,1499,1295,1502,1300
2091,1553,1295,1558,1317
2092,389,1297,400,1303
2093,410,1298,413,1302
2094,439,1298,442,1317
2095,509,1297,511,1317
2096,521,1299,559,1300
2097,579,1296,582,1317
2098,648,1297,650,1324
2099,714,1298,719,1317
2100,934,1297,937,1323
2101,1133,1297,1136,1309
2102,1208,1298,1210,1311
2103,1341,1299,1346,1319
2104,1409,1300,1413,1313
2105,1538,1299,1540,1301
2106,1601,1300,1605,1335
2107,58,1303,65,1337
2108,363,1302,366,1324
2109,515,1305,516,1315
2110,573,1305,577,1324
2111,710,1303,713,1309
2112,938,1305,942,1325
2113,989,1303,994,1313
2114,1073,1304,1078,1319
2115,1079,1305,1082,1312
2116,1125,1304,1132,1320
2117,1212,1304,1216,1316
2118,1233,1305,1242,1306
2119,1264,1304,1267,1315
2120,1268,1302,1271,1311
2121,1272,1304,1277,1318
2122,1347,1304,1353,1322
2123,1402,1305,1407,1317
2124,1487,1302,1492,1322
2125,1549,1302,1552,1322
2126,373,1307,376,1313
2127,377,1309,380,1315
2128,434,1306,438,1317
2129,517,1309,521,1315
2130,651,1308,655,1316
2131,943,1308,947,1315
2132,948,1310,965,1317
2133,979,1310,986,1323
2134,1083,1308,1087,1317
2135,1088,1310,1095,1320
2136,1116,1309,1124,1316
2137,1217,1309,1224,1318
2138,1259,1307,1263,1316
2139,1354,1307,1357,1317
2140,1358,1310,1366,1318
2141,1387,1310,1401,1322
2142,1493,1306,1496,1319
2143,1498,1310,1503,1323
2144,1526,1309,1537,1353
2145,1538,1310,1548,1319
2146,1590,1310,1600,1344
2147,66,1313,74,1346
2148,367,1315,370,1324
2149,381,1311,385,1317
2150,386,1313,390,1318
2151,391,1314,410,1319
2152,411,1313,417,1316
2153,430,1312,433,1317
2154,522,1312,526,1317
2155,527,1313,531,1318
2156,532,1314,559,1320
2157,560,1313,562,1318
2158,570,1312,572,1324
2159,622,1315,633,1317
2160,670,1313,679,1316
2161,680,1314,692,1319
2162,693,1314,697,1317
2163,709,1314,713,1317
2164,966,1312,971,1325
2165,974,1312,978,1316
2166,1096,1312,1111,1323
2167,1112,1311,1115,1320
2168,1135,1312,1136,1318
2169,1208,1314,1211,1323
2170,1225,1311,1234,1321
2171,1235,1313,1255,1321
2172,1367,1312,1386,1322
2173,1504,1312,1525,1326
2174,44,1316,57,1322
2175,75,1318,79,1351
2176,347,1316,353,1325
2177,399,1320,402,1326
2178,627,1318,633,1325
2179,660,1316,663,1323
2180,664,1318,666,1325
2181,817,1320,823,1325
2182,833,1317,840,1325
2183,849,1317,857,1324
2184,951,1318,956,1325
2185,957,1318,965,1320
2186,1052,1319,1058,1322
2187,1270,1316,1271,1322
2188,1362,1319,1366,1320
2189,1410,1317,1411,1323
2190,1542,1320,1548,1321
2191,1581,1320,1589,1353
2192,49,1323,57,1327
2193,80,1323,84,1353
2194,382,1321,386,1325
2195,537,1321,542,1326
2196,555,1321,558,1325
2197,678,1323,681,1325
2198,907,1323,912,1325
2199,922,1323,927,1325
2200,981,1324,986,1325
2201,1538,1323,1541,1331
2202,1576,1325,1580,1353
2203,54,1328,57,1332
2204,85,1328,88,1353
2205,1513,1327,1525,1330
2206,1572,1330,1575,1353
2207,89,1333,215,1353
2208,216,1335,1525,1353
2209,1538,1335,1571,1353
2210,35,1340,36,1358
2211,64,1338,65,1342
2212,1590,1345,1591,1349
2213,1623,1344,1628,1361
2214,37,1346,42,1363
2215,1618,1349,1622,1366
2216,43,1351,47,1367
2217,1614,1354,1617,1367
2218,48,1356,51,1367
2219,52,1359,1613,1367
